Index,LFU,LRU
lo_suppkey,1,1724278538.7757316
s_suppkey,5,1724278538.7757316
lo_partkey,1,1724278538.7757316
p_partkey,4,1724278538.7757316
p_category,4,1724278538.7757316
lo_custkey,5,1724278538.7757316
