Index,LFU,LRU
lo_orderdate,5,1724423950.7369046
d_datekey,4,1724423950.7369046
