Index,LFU,LRU
lo_orderdate,1,1724270578.5005922
d_datekey,1,1724270578.5036533
