Index,LFU,LRU
lo_custkey,5,1724447893.759454
c_custkey,3,1724447893.759454
lo_orderdate,1,1724447893.759454
d_datekey,1,1724447893.759454
