Index,LFU,LRU
lo_custkey,1,1724426485.9671428
c_custkey,3,1724426485.9671428
lo_suppkey,1,1724426485.9671428
s_suppkey,4,1724426485.9671428
lo_orderdate,5,1724426485.9671428
d_datekey,4,1724426485.9671428
lo_partkey,4,1724426485.9671428
p_partkey,4,1724426485.9671428
p_category,4,1724426485.9671428
d_year,5,1724426485.9671428
