Index,LFU,LRU
lo_custkey,6,1724261989.0059323
c_custkey,6,1724261989.0059323
lo_orderdate,2,1724261989.0059323
d_datekey,4,1724261989.0059323
