,Index,LFU,LRU
0,lo_orderdate,44,1722797870.9341984
1,d_datekey,6,1722797870.9341984
2,lo_suppkey,4,1722797870.898892
3,s_suppkey,34,1722797870.898892
4,lo_custkey,5,1722797871.004497
5,c_custkey,15,1722797871.004497
6,d_year,1,1722797870.9752083
